{
  "schema_version": 1,
  "toy_projector_order2_objective": -0.046717378455438933,
  "toy_projector_order3_objective": -0.03124998978001017
}

